{
  "scenario": {
    "Count": 50,
    "Rate": 10,
    "Runtime": 60000000000,
    "GPUs": 0.1
  },
  "elapsedSeconds": 15,
  "reportedGpuHours": 0.012,
  "expectedGpuHours": 0.017430555555555557,
  "deltaGpuHours": -0.0054305555555555565,
  "accuracyRatio": 0.6884462151394422,
  "trackedPods": 50,
  "label": "pre-restart",
  "generatedAt": "2026-04-20T18:04:49Z"
}
