{
  "scenario": {
    "Count": 50,
    "Rate": 10,
    "Runtime": 60000000000,
    "GPUs": 0.1
  },
  "elapsedSeconds": 120,
  "reportedGpuHours": 0.083,
  "expectedGpuHours": 0.08333333333333333,
  "deltaGpuHours": -0.0003333333333333244,
  "accuracyRatio": 0.9960000000000001,
  "trackedPods": 50,
  "label": "post-restart",
  "generatedAt": "2026-04-20T18:06:33Z"
}
